run_name,artifact_path,score,items_delivered,orders_completed,rounds_played,idle_steps,collisions_avoided,avg_decision_ms,avg_orbit_bots,avg_deliver_bots,deliver_rounds,hybrid_rounds,first_delivery_round,first_completed_order_round,pick_active,pick_preview,orbit_min_gap_avg,gap1_rounds,gap2_rounds,gap3plus_rounds,collapsed_orbit_rounds_proxy,onloop_cw_moves,onloop_ccw_moves,onloop_stay,onloop_other,spacing_guard_waits,collision_waits,no_assignment_waits,dropoff_queue_avg_proxy,dropoff_queue_peak_proxy,config_sha1,code_version_recorded,return_to_ring_failures_direct
run_20260307_224350,C:\Users\Exempel\Desktop\Seed\bot_v.1\.seed_artifacts\nmiai\live_screen_expert_orbit_collect_20260307\expert\run_20260307_224350,0,0,0,300,2783,1160,1.321697,0.0,0.0,0,0,,,4,3,1.986,4,272,0,4,0,12,1617,0,0,1160,1623,0,0,23099c694629,False,NA_not_recorded
run_20260307_224730,C:\Users\Exempel\Desktop\Seed\bot_v.1\.seed_artifacts\nmiai\live_screen_expert_orbit_collect_20260307\expert\run_20260307_224730,0,0,0,300,1623,0,1.236433,0.0,0.0,0,0,,,4,3,1.986,4,272,0,4,0,12,1617,0,0,0,1623,0,0,23099c694629,False,NA_not_recorded
run_20260307_224857,C:\Users\Exempel\Desktop\Seed\bot_v.1\.seed_artifacts\nmiai\live_screen_expert_orbit_collect_20260307\expert\run_20260307_224857,0,0,0,300,90,0,1.673512,0.0,0.0,0,0,,,4,3,1.007,271,0,1,271,646,125,1542,0,0,0,90,0,0,23099c694629,False,NA_not_recorded
run_20260307_225143,C:\Users\Exempel\Desktop\Seed\bot_v.1\.seed_artifacts\nmiai\live_screen_expert_orbit_collect_20260307\expert\run_20260307_225143,0,0,0,300,1314,0,1.117844,0.0,0.0,0,0,,,4,3,1.014,272,4,0,272,14,29,2634,0,0,0,1314,0,0,23099c694629,False,NA_not_recorded
run_20260307_225305,C:\Users\Exempel\Desktop\Seed\bot_v.1\.seed_artifacts\nmiai\live_screen_expert_orbit_collect_20260307\expert\run_20260307_225305,0,0,0,300,291,0,1.110309,0.0,0.0,0,0,,,4,3,1.051,262,14,0,262,304,1181,1192,0,0,0,291,0,0,23099c694629,False,NA_not_recorded
run_20260307_225429,C:\Users\Exempel\Desktop\Seed\bot_v.1\.seed_artifacts\nmiai\live_screen_expert_orbit_collect_20260307\expert\run_20260307_225429,0,0,0,300,1314,0,1.109553,0.0,0.0,0,0,,,4,3,1.014,272,4,0,272,14,29,2634,0,0,0,1314,0,0,23099c694629,False,NA_not_recorded
run_20260307_225837,C:\Users\Exempel\Desktop\Seed\bot_v.1\.seed_artifacts\nmiai\live_screen_expert_orbit_collect_20260307\expert\run_20260307_225837,0,0,0,300,2000,0,1.072829,0.0,0.0,0,0,,,4,3,1.014,272,4,0,272,180,135,2362,0,1308,0,692,0,0,23099c694629,False,NA_not_recorded
run_20260307_230008,C:\Users\Exempel\Desktop\Seed\bot_v.1\.seed_artifacts\nmiai\live_screen_expert_orbit_collect_20260307\expert\run_20260307_230008,0,0,0,300,1267,0,1.203809,0.0,0.0,0,0,,,8,3,1.022,270,6,0,270,152,231,2145,0,556,0,711,0.04,1,23099c694629,False,NA_not_recorded
run_20260307_230217,C:\Users\Exempel\Desktop\Seed\bot_v.1\.seed_artifacts\nmiai\live_screen_expert_orbit_collect_20260307\expert\run_20260307_230217,0,0,0,300,545,0,1.427958,0.0,0.0,0,0,,,4,3,6,0,0,267,0,0,0,543,0,0,0,545,0,0,23099c694629,False,NA_not_recorded
run_20260307_230350,C:\Users\Exempel\Desktop\Seed\bot_v.1\.seed_artifacts\nmiai\live_screen_expert_orbit_collect_20260307\expert\run_20260307_230350,0,0,0,300,363,0,1.136514,0.0,0.0,0,0,,,4,3,1.043,264,12,0,264,295,1120,1250,0,0,0,363,0,0,23099c694629,False,NA_not_recorded
run_20260307_231437,C:\Users\Exempel\Desktop\Seed\bot_v.1\.seed_artifacts\nmiai\live_screen_expert_orbit_collect_20260307\expert\run_20260307_231437,0,0,0,300,3000,0,0.0,0.0,0.0,0,0,,,0,0,,0,0,0,0,0,0,0,0,0,2700,0,0,0,23099c694629,False,NA_not_recorded
run_20260307_231733,C:\Users\Exempel\Desktop\Seed\bot_v.1\.seed_artifacts\nmiai\live_screen_expert_orbit_collect_20260307\expert\run_20260307_231733,3,3,0,300,1310,753,3.713024,8.91,1.08,290,290,9,,11,7,1.103,258,10,5,258,154,53,1507,0,0,1208,0,0.297,4,23099c694629,False,NA_not_recorded
run_20260307_231930,C:\Users\Exempel\Desktop\Seed\bot_v.1\.seed_artifacts\nmiai\live_screen_expert_orbit_collect_20260307\expert\run_20260307_231930,2,2,0,300,1040,106,1.537302,9.95,0.047,14,14,17,,4,3,1.84,44,231,0,44,1619,0,1010,0,0,122,0,0.023,1,23099c694629,False,NA_not_recorded
run_20260307_232108,C:\Users\Exempel\Desktop\Seed\bot_v.1\.seed_artifacts\nmiai\live_screen_expert_orbit_collect_20260307\expert\run_20260307_232108,2,2,0,300,2650,1342,1.48283,9.95,0.047,14,14,17,,4,3,1,275,0,0,275,53,0,2596,0,0,1351,0,0.023,1,23099c694629,False,NA_not_recorded
run_20260307_232230,C:\Users\Exempel\Desktop\Seed\bot_v.1\.seed_artifacts\nmiai\live_screen_expert_orbit_collect_20260307\expert\run_20260307_232230,2,2,0,300,1026,97,1.897993,9.95,0.047,14,14,17,,4,3,1.873,35,240,0,35,1664,0,985,0,0,106,0,0.023,1,23099c694629,False,NA_not_recorded
run_20260307_233817,C:\Users\Exempel\Desktop\Seed\bot_v.1\.seed_artifacts\nmiai\live_screen_expert_orbit_collect_20260307\expert\run_20260307_233817,12,7,1,300,352,187,2.032015,9.627,0.373,49,49,16,48,4,12,1.029,267,5,1,267,1889,19,424,0,0,241,0,0.247,3,23099c694629,False,NA_not_recorded
run_20260307_234201,C:\Users\Exempel\Desktop\Seed\bot_v.1\.seed_artifacts\nmiai\live_screen_expert_orbit_collect_20260307\expert\run_20260307_234201,3,3,0,300,1357,1019,3.02396,8.913,1.087,286,286,14,,17,16,1.085,253,13,5,253,162,52,1916,0,0,1253,0,0.247,2,23099c694629,False,NA_not_recorded
run_20260307_234402,C:\Users\Exempel\Desktop\Seed\bot_v.1\.seed_artifacts\nmiai\live_screen_expert_orbit_collect_20260307\expert\run_20260307_234402,2,2,0,300,1351,979,1.703913,9.043,0.957,282,282,16,,4,5,1,275,0,0,275,62,3,2630,0,0,1232,0,0.02,1,23099c694629,False,NA_not_recorded
run_20260307_234633,C:\Users\Exempel\Desktop\Seed\bot_v.1\.seed_artifacts\nmiai\live_screen_expert_orbit_collect_20260307\expert\run_20260307_234633,11,6,1,300,1206,788,1.786169,8.973,1.027,282,282,16,50,4,12,1.011,269,3,0,269,172,5,2442,0,0,1032,0,0.083,2,23099c694629,False,NA_not_recorded
run_20260307_234824,C:\Users\Exempel\Desktop\Seed\bot_v.1\.seed_artifacts\nmiai\live_screen_expert_orbit_collect_20260307\expert\run_20260307_234824,12,7,1,300,1379,60,1.896065,9.747,0.253,46,46,16,53,4,11,1.923,21,251,0,21,1271,4,1318,0,0,61,0,0.113,2,23099c694629,False,NA_not_recorded
run_20260307_235443,C:\Users\Exempel\Desktop\Seed\bot_v.1\.seed_artifacts\nmiai\live_screen_expert_orbit_collect_20260307\expert\run_20260307_235443,11,6,1,300,393,104,2.041564,9.42,0.58,113,113,16,89,12,18,1.301,220,35,17,220,757,77,713,0,0,186,0,0.61,3,23099c694629,False,NA_not_recorded
run_20260307_235618,C:\Users\Exempel\Desktop\Seed\bot_v.1\.seed_artifacts\nmiai\live_screen_expert_orbit_collect_20260307\expert\run_20260307_235618,12,7,1,300,669,208,2.201308,9.143,0.857,158,158,16,100,4,19,1.369,202,59,10,202,644,68,883,0,0,272,0,0.71,3,23099c694629,False,NA_not_recorded
run_20260308_000343,C:\Users\Exempel\Desktop\Seed\bot_v.1\.seed_artifacts\nmiai\live_screen_expert_orbit_collect_20260307\expert\run_20260308_000343,11,6,1,300,364,117,2.308663,9.657,0.343,74,74,42,105,13,17,1.204,228,40,6,228,813,64,648,0,0,184,0,0.603,3,23099c694629,False,NA_not_recorded
run_20260308_000554,C:\Users\Exempel\Desktop\Seed\bot_v.1\.seed_artifacts\nmiai\live_screen_expert_orbit_collect_20260307\expert\run_20260308_000554,12,7,1,300,1374,83,1.455927,9.613,0.387,85,85,16,76,4,12,1.953,13,261,0,13,1314,0,1331,0,17,87,0,0.063,1,23099c694629,False,NA_not_recorded
run_20260308_000731,C:\Users\Exempel\Desktop\Seed\bot_v.1\.seed_artifacts\nmiai\live_screen_expert_orbit_collect_20260307\expert\run_20260308_000731,12,7,1,300,1374,83,1.462009,9.613,0.387,85,85,16,76,4,12,1.953,13,261,0,13,1314,0,1331,0,17,87,0,0.063,1,23099c694629,False,NA_not_recorded
run_20260308_000913,C:\Users\Exempel\Desktop\Seed\bot_v.1\.seed_artifacts\nmiai\live_screen_expert_orbit_collect_20260307\expert\run_20260308_000913,12,7,1,300,1062,104,1.923922,9.253,0.747,167,167,16,132,5,19,1.287,209,56,7,209,630,38,1100,0,632,169,0,0.447,2,23099c694629,False,NA_not_recorded
run_20260308_001038,C:\Users\Exempel\Desktop\Seed\bot_v.1\.seed_artifacts\nmiai\live_screen_expert_orbit_collect_20260307\expert\run_20260308_001038,12,7,1,300,1004,86,1.653332,9.563,0.437,100,100,16,83,4,21,1.19,222,52,0,222,891,11,1135,0,552,135,0,0.247,2,23099c694629,False,NA_not_recorded
run_20260308_001202,C:\Users\Exempel\Desktop\Seed\bot_v.1\.seed_artifacts\nmiai\live_screen_expert_orbit_collect_20260307\expert\run_20260308_001202,12,7,1,300,1374,83,1.435894,9.613,0.387,85,85,16,76,4,12,1.953,13,261,0,13,1314,0,1331,0,17,87,0,0.063,1,23099c694629,False,NA_not_recorded
